node number,time,ObjValue
24,2.167142500000409,290.0
74,36.160982200000035,539.0
224,16.715017100000296,784.0
352,99.56968020000022,1366.0
930,2175.6607921000013,1072.0
